src_file,position,audio_file
use-case-01.wav,7470,CC.wav
use-case-02.wav,1800,CC.wav
use-case-03.wav,1580,CC.wav
use-case-04.wav,1750,CVV.wav
use-case-05.wav,1750,Invoice.wav
use-case-06.wav,2300,CC.wav
use-case-07.wav,1550,CC.wav
use-case-08.wav,1340,CC.wav
use-case-09.wav,1600,CVV.wav
use-case-10.wav,1810,CC.wav
use-case-11.wav,1580,CC.wav
use-case-12.wav,1800,CC.wav
use-case-13.wav,1760,CC.wav
use-case-14.wav,1790,CC.wav
use-case-15.wav,1900,CC.wav
use-case-16.wav,1870,CC.wav
use-case-17.wav,1920,CC.wav
use-case-18.wav,1810,CVV.wav
use-case-19.wav,1870,CVV.wav
use-case-20.wav,1720,CVV.wav
use-case-21.wav,1930,CVV.wav
use-case-22.wav,1780,CC.wav
use-case-23.wav,1660,CC.wav
use-case-24.wav,1910,CC.wav
use-case-25.wav,1820,CC.wav
use-case-26.wav,1780,CC.wav
use-case-27.wav,1920,CC.wav
use-case-28.wav,1820,CC.wav
use-case-29.wav,1640,CC.wav
use-case-30.wav,1970,CC.wav
use-case-31.wav,2015,CC.wav
use-case-32.wav,1920,CC.wav
use-case-33.wav,2730,CC.wav
